id,flight_number,name,date_utc,success
5eb87cd9ffd86e000604b32a,1,FalconSat,2006-03-24T22:30:00.000Z,0.0
5eb87cdaffd86e000604b32b,2,DemoSat,2007-03-21T01:10:00.000Z,0.0
5eb87cdbffd86e000604b32c,3,Trailblazer,2008-08-03T03:34:00.000Z,0.0
5eb87cdbffd86e000604b32d,4,RatSat,2008-09-28T23:15:00.000Z,1.0
5eb87cdcffd86e000604b32e,5,RazakSat,2009-07-13T03:35:00.000Z,1.0
5eb87cddffd86e000604b32f,6,Falcon 9 Test Flight,2010-06-04T18:45:00.000Z,1.0
5eb87cdeffd86e000604b330,7,COTS 1,2010-12-08T15:43:00.000Z,1.0
5eb87cdfffd86e000604b331,8,COTS 2,2012-05-22T07:44:00.000Z,1.0
5eb87ce0ffd86e000604b332,9,CRS-1,2012-10-08T00:35:00.000Z,1.0
5eb87ce1ffd86e000604b333,10,CRS-2,2013-03-01T19:10:00.000Z,1.0
5eb87ce1ffd86e000604b334,11,CASSIOPE,2013-09-29T16:00:00.000Z,1.0
5eb87ce2ffd86e000604b335,12,SES-8,2013-12-03T22:41:00.000Z,1.0
5eb87ce3ffd86e000604b336,13,Thaicom 6,2014-01-06T18:06:00.000Z,1.0
5eb87ce4ffd86e000604b337,14,CRS-3,2014-04-18T19:25:00.000Z,1.0
5eb87ce4ffd86e000604b338,15,OG-2 Mission 1,2014-07-14T15:15:00.000Z,1.0
5eb87ce5ffd86e000604b339,16,AsiaSat 8,2014-08-05T08:00:00.000Z,1.0
5eb87ce6ffd86e000604b33a,17,AsiaSat 6,2014-09-07T05:00:00.000Z,1.0
5eb87ce7ffd86e000604b33b,18,CRS-4,2014-09-21T05:52:00.000Z,1.0
5eb87ce8ffd86e000604b33c,19,CRS-5,2015-01-10T09:47:00.000Z,1.0
5eb87ceaffd86e000604b33d,20,DSCOVR,2015-02-11T23:03:00.000Z,1.0
5eb87ceaffd86e000604b33e,21,ABS-3A / Eutelsat 115W B,2015-03-02T03:50:00.000Z,1.0
5eb87cecffd86e000604b33f,22,CRS-6,2015-04-14T20:10:00.000Z,1.0
5eb87cedffd86e000604b340,23,TürkmenÄlem 52°E / MonacoSAT,2015-04-27T23:03:00.000Z,1.0
5eb87ceeffd86e000604b341,24,CRS-7,2015-06-28T14:21:00.000Z,0.0
5eb87cefffd86e000604b342,25,OG-2 Mission 2,2015-12-22T01:29:00.000Z,1.0
5eb87cf0ffd86e000604b343,26,Jason 3,2016-01-17T15:42:00.000Z,1.0
5eb87cf2ffd86e000604b344,27,SES-9,2016-03-04T23:35:00.000Z,1.0
5eb87cf3ffd86e000604b345,28,CRS-8,2016-04-08T20:43:00.000Z,1.0
5eb87cf5ffd86e000604b346,29,JCSAT-2B,2016-05-06T05:21:00.000Z,1.0
5eb87cf6ffd86e000604b347,30,Thaicom 8,2016-05-27T21:39:00.000Z,1.0
5eb87cf8ffd86e000604b348,31,ABS-2A / Eutelsat 117W B,2016-06-15T14:29:00.000Z,1.0
5eb87cf9ffd86e000604b349,32,CRS-9,2016-07-18T04:45:00.000Z,1.0
5eb87cfaffd86e000604b34a,33,JCSAT-16,2016-08-14T05:26:00.000Z,1.0
5eb87cfbffd86e000604b34b,34,Amos-6,2016-09-01T13:07:00.000Z,0.0
5eb87cfdffd86e000604b34c,35,Iridium NEXT Mission 1,2017-01-14T17:54:00.000Z,1.0
5eb87cfeffd86e000604b34d,36,CRS-10,2017-02-19T14:39:00.000Z,1.0
5eb87cfeffd86e000604b34e,37,EchoStar 23,2017-03-16T06:00:00.000Z,1.0
5eb87d00ffd86e000604b34f,38,SES-10,2017-03-30T22:27:00.000Z,1.0
5eb87d01ffd86e000604b350,39,NROL-76,2017-05-01T11:15:00.000Z,1.0
5eb87d01ffd86e000604b351,40,Inmarsat-5 F4,2017-05-15T23:21:00.000Z,1.0
5eb87d03ffd86e000604b352,41,CRS-11,2017-06-03T21:07:00.000Z,1.0
5eb87d04ffd86e000604b353,42,BulgariaSat-1,2017-06-23T19:10:00.000Z,1.0
5eb87d05ffd86e000604b354,43,Iridium NEXT Mission 2,2017-06-25T20:25:00.000Z,1.0
5eb87d06ffd86e000604b355,44,Intelsat 35e,2017-07-05T23:35:00.000Z,1.0
5eb87d07ffd86e000604b356,45,CRS-12,2017-08-14T16:31:00.000Z,1.0
5eb87d08ffd86e000604b357,46,FormoSat-5,2017-08-24T18:50:00.000Z,1.0
5eb87d09ffd86e000604b358,47,Boeing X-37B OTV-5,2017-09-07T13:50:00.000Z,1.0
5eb87d0affd86e000604b359,48,Iridium NEXT Mission 3,2017-10-09T12:37:00.000Z,1.0
5eb87d0cffd86e000604b35a,49,SES-11 / Echostar 105,2017-10-11T22:53:00.000Z,1.0
5eb87d0dffd86e000604b35b,50,KoreaSat 5A,2017-10-30T19:34:00.000Z,1.0
5eb87d0effd86e000604b35c,51,CRS-13,2017-12-15T15:36:00.000Z,1.0
5eb87d0fffd86e000604b35d,52,Iridium NEXT Mission 4,2017-12-23T01:27:23.000Z,1.0
5eb87d10ffd86e000604b35e,53,ZUMA,2018-01-08T01:00:00.000Z,1.0
5eb87d11ffd86e000604b35f,54,SES-16 / GovSat-1,2018-01-31T21:25:00.000Z,1.0
5eb87d13ffd86e000604b360,55,Falcon Heavy Test Flight,2018-02-06T20:45:00.000Z,1.0
5eb87d14ffd86e000604b361,56,Paz / Starlink Demo,2018-02-22T14:17:00.000Z,1.0
5eb87d15ffd86e000604b362,57,Hispasat 30W-6,2018-03-06T05:33:00.000Z,1.0
5eb87d16ffd86e000604b363,58,Iridium NEXT Mission 5,2018-03-30T14:13:51.000Z,1.0
5eb87d16ffd86e000604b364,59,CRS-14,2018-04-02T20:30:41.000Z,1.0
5eb87d18ffd86e000604b365,60,TESS,2018-04-18T22:51:00.000Z,1.0
5eb87d19ffd86e000604b366,61,Bangabandhu-1,2018-05-11T20:14:00.000Z,1.0
5eb87d1affd86e000604b367,62,Iridium NEXT Mission 6,2018-05-22T19:47:58.000Z,1.0
5eb87d1bffd86e000604b368,63,SES-12,2018-06-04T04:45:00.000Z,1.0
5eb87d1cffd86e000604b369,64,CRS-15,2018-06-29T09:42:00.000Z,1.0
5eb87d1effd86e000604b36a,65,Telstar 19V,2018-07-22T05:50:00.000Z,1.0
5eb87d1fffd86e000604b36b,66,Iridium NEXT Mission 7,2018-07-25T11:39:26.000Z,1.0
5eb87d20ffd86e000604b36c,67,Merah Putih,2018-08-07T05:18:00.000Z,1.0
5eb87d22ffd86e000604b36d,68,Telstar 18V,2018-09-10T04:45:00.000Z,1.0
5eb87d23ffd86e000604b36e,69,SAOCOM 1A,2018-10-08T02:22:00.000Z,1.0
5eb87d24ffd86e000604b36f,70,Es’hail 2,2018-11-15T20:46:00.000Z,1.0
5eb87d25ffd86e000604b370,71,SSO-A,2018-12-03T18:34:00.000Z,1.0
5eb87d26ffd86e000604b371,72,CRS-16,2018-12-05T18:16:00.000Z,1.0
5eb87d27ffd86e000604b372,73,GPS III SV01,2018-12-23T13:51:00.000Z,1.0
5eb87d28ffd86e000604b373,74,Iridium NEXT Mission 8,2019-01-11T15:31:00.000Z,1.0
5eb87d2affd86e000604b374,75,Nusantara Satu (PSN-6) / S5 / Beresheet,2019-02-22T01:45:00.000Z,1.0
5eb87d2bffd86e000604b375,76,CCtCap Demo Mission 1,2019-03-02T07:45:00.000Z,1.0
5eb87d2dffd86e000604b376,77,ArabSat 6A,2019-04-11T22:35:00.000Z,1.0
5eb87d2effd86e000604b377,78,CRS-17,2019-05-04T06:48:00.000Z,1.0
5eb87d30ffd86e000604b378,79,Starlink v0.9,2019-05-24T02:30:00.000Z,1.0
5eb87d31ffd86e000604b379,80,RADARSAT Constellation,2019-06-12T14:17:00.000Z,1.0
5eb87d35ffd86e000604b37a,81,STP-2,2019-06-25T03:30:00.000Z,1.0
5eb87d36ffd86e000604b37b,82,CRS-18,2019-07-25T22:01:00.000Z,1.0
5eb87d37ffd86e000604b37c,83,Amos-17,2019-08-06T22:52:00.000Z,1.0
5eb87d39ffd86e000604b37d,84,Starlink-1,2019-11-11T14:56:00.000Z,1.0
5eb87d39ffd86e000604b37e,85,CRS-19,2019-12-05T17:29:23.000Z,1.0
5eb87d3bffd86e000604b37f,86,JCSat 18 / Kacific 1,2019-12-17T00:10:00.000Z,1.0
5eb87d3cffd86e000604b380,87,Starlink-2,2020-01-07T02:19:00.000Z,1.0
5eb87d3dffd86e000604b381,88,Crew Dragon In Flight Abort Test,2020-01-19T14:00:00.000Z,1.0
5eb87d3fffd86e000604b382,89,Starlink-3,2020-01-29T14:06:00.000Z,1.0
5eb87d41ffd86e000604b383,90,Starlink-4,2020-02-17T15:05:55.000Z,1.0
5eb87d42ffd86e000604b384,91,CRS-20,2020-03-07T04:50:31.000Z,1.0
5eb87d43ffd86e000604b385,92,Starlink-5,2020-03-18T12:16:00.000Z,1.0
5eb87d44ffd86e000604b386,93,Starlink-6,2020-04-22T19:30:00.000Z,1.0
5eb87d46ffd86e000604b388,94,CCtCap Demo Mission 2,2020-05-30T19:22:00.000Z,1.0
5eb87d45ffd86e000604b387,95,Starlink-7,2020-06-04T01:25:00.000Z,1.0
5eb87d46ffd86e000604b389,96,Starlink-8 & SkySat 16-18,2020-06-13T09:21:00.000Z,1.0
5eb87d4affd86e000604b38b,97,GPS III SV03 (Columbus),2020-06-30T19:55:00.000Z,1.0
5eb87d50ffd86e000604b394,98,ANASIS-II,2020-07-20T21:30:00.000Z,1.0
5ed9819a1f30554030d45c29,99,Starlink-9 (v1.0) & BlackSky Global 5-6,2020-08-07T05:12:00.000Z,1.0
5ed981d91f30554030d45c2a,100,Starlink-10 (v1.0) & SkySat 19-21,2020-08-18T14:31:00.000Z,1.0
5eb87d47ffd86e000604b38a,101,"SAOCOM 1B, GNOMES-1, Tyvak-0172",2020-08-30T23:18:00.000Z,1.0
5ef6a1e90059c33cee4a828a,102,Starlink-11 (v1.0),2020-09-03T12:46:00.000Z,1.0
5ef6a2090059c33cee4a828b,103,Starlink-12 (v1.0),2020-10-06T11:29:00.000Z,1.0
5ef6a2bf0059c33cee4a828c,104,Starlink-13 (v1.0),2020-10-18T12:25:00.000Z,1.0
5ef6a2e70059c33cee4a8293,105,Starlink-14 (v1.0),2020-10-24T15:31:00.000Z,1.0
5eb87d4cffd86e000604b38d,106,GPS III SV04 (Sacagawea),2020-11-05T23:24:00.000Z,1.0
5eb87d4dffd86e000604b38e,107,Crew-1,2020-11-16T00:27:00.000Z,1.0
5ed983aa1f30554030d45c31,108,Sentinel-6 Michael Freilich,2020-11-21T17:17:00.000Z,1.0
5fb95b3f3a88ae63c954603c,109,Starlink-15 (v1.0),2020-11-25T02:13:00.000Z,1.0
5eb87d4effd86e000604b391,110,CRS-21,2020-12-06T16:17:00.000Z,1.0
5eb87d4bffd86e000604b38c,111,SXM-7,2020-12-13T17:30:00.000Z,1.0
5f8399fb818d8b59f5740d43,112,NROL-108,2020-12-19T14:00:00.000Z,1.0
5eb87d4fffd86e000604b393,113,Turksat 5A,2021-01-08T02:15:00.000Z,1.0
5fbfecce54ceb10a5664c80a,114,Starlink-16 (v1.0),2021-01-20T13:02:00.000Z,1.0
5fd386aa7faea57d297c86c1,115,Transporter-1,2021-01-24T15:00:00.000Z,1.0
5ff6554f9257f579ee3a6c5f,116,Starlink-18 (v1.0),2021-02-04T06:19:00.000Z,1.0
600f9a5e8f798e2a4d5f979c,117,Starlink-19 (v1.0),2021-02-16T03:59:00.000Z,1.0
5fbfecfe54ceb10a5664c80b,118,Starlink-17 (v1.0),2021-03-04T08:24:00.000Z,1.0
600f9a718f798e2a4d5f979d,119,Starlink-20 (v1.0),2021-03-11T08:13:00.000Z,1.0
600f9a8d8f798e2a4d5f979e,120,Starlink-21 (v1.0),2021-03-14T10:01:00.000Z,1.0
60428aafc041c16716f73cd7,121,Starlink-22 (v1.0),2021-03-24T08:28:00.000Z,1.0
60428ac4c041c16716f73cd8,122,Starlink-23 (v1.0),2021-04-07T16:34:00.000Z,1.0
5fe3af58b3467846b324215f,123,Crew-2,2021-04-23T09:49:00.000Z,1.0
605b4b6aaa5433645e37d03f,124,Starlink-24 (v1.0),2021-04-29T03:44:00.000Z,1.0
605b4b7daa5433645e37d040,125,Starlink-25 (v1.0),2021-05-04T19:01:00.000Z,1.0
6079bd1c9a06446e8c61bf76,126,Starlink-27 (v1.0),2021-05-09T06:42:00.000Z,1.0
605b4b95aa5433645e37d041,127,Starlink-26 (v1.0) + Capella-6 + Tyvak-0130,2021-05-15T22:54:00.000Z,1.0
6079bd399a06446e8c61bf77,128,Starlink-28 (v1.0),2021-05-26T18:59:00.000Z,1.0
5fe3af84b3467846b3242161,129,CRS-22 & IROSA,2021-06-03T17:29:00.000Z,1.0
5fe3af6db3467846b3242160,130,SXM-8,2021-06-06T04:26:00.000Z,1.0
5eb87d4effd86e000604b390,131,GPS III SV05,2021-06-17T16:09:00.000Z,1.0
600f9b6d8f798e2a4d5f979f,132,Transporter-2,2021-06-30T19:31:00.000Z,1.0
5fe3b11eb3467846b324216c,133,CRS-23,2021-08-29T07:14:00.000Z,1.0
60e3bf0d73359e1e20335c37,134,Starlink 2-1 (v1.5),2021-09-14T03:55:00.000Z,1.0
607a37565a906a44023e0866,135,Inspiration4,2021-09-16T00:02:00.000Z,1.0
5fe3b15eb3467846b324216d,136,Crew-3,2021-11-11T02:03:00.000Z,1.0
618faad2563d69573ed8ca9d,137,Starlink 4-1 (v1.5),2021-11-13T12:40:00.000Z,1.0
5fe3b107b3467846b324216b,138,DART,2021-11-24T06:20:00.000Z,1.0
6161c94c6db1a92bfba85349,139,Starlink 4-3 (v1.5),2021-12-01T23:20:00.000Z,1.0
6161c88d6db1a92bfba85348,140,IXPE,2021-12-09T06:00:00.000Z,1.0
61bba806437241381bf7061e,141,Starlink 4-4 (v1.5),2021-12-18T12:41:40.000Z,1.0
5fe3afc1b3467846b3242164,142,Türksat 5B,2021-12-19T03:58:00.000Z,1.0
6161d2006db1a92bfba85356,143,CRS-24,2021-12-21T10:06:00.000Z,1.0
61d5eca1f88e4c5fc91f1eb7,144,Starlink 4-5 (v1.5),2022-01-06T21:49:00.000Z,1.0
61bf3e31cd5ab50b0d936345,145,Transporter-3,2022-01-13T15:25:00.000Z,1.0
61e048bbbe8d8b66799018d0,146,Starlink 4-6 (v1.5),2022-01-19T00:04:00.000Z,1.0
6161d32d6db1a92bfba85359,147,CSG-2,2022-01-31T23:11:12.000Z,1.0
607a34e35a906a44023e085e,148,NROL-87,2022-02-02T20:18:00.000Z,1.0
61e048ffbe8d8b66799018d1,149,Starlink 4-7 (v1.5),2022-02-03T18:13:00.000Z,1.0
61fc01dae0dc5662b76489a7,150,Starlink 4-8 (v1.5),2022-02-21T14:44:00.000Z,1.0
61fc0203e0dc5662b76489a8,151,Starlink 4-11 (v1.5),2022-02-25T17:12:00.000Z,1.0
61fc0224e0dc5662b76489ab,152,Starlink 4-9 (v1.5),2022-03-03T14:35:00.000Z,1.0
61fc0243e0dc5662b76489ae,153,Starlink 4-10 (v1.5),2022-03-09T13:45:00.000Z,1.0
6234908cf051102e1fcedac4,154,Starlink 4-12 (v1.5),2022-03-19T03:24:00.000Z,1.0
6243ad8baf52800c6e919252,155,Transporter-4,2022-04-01T16:24:00.000Z,1.0
61eefaa89eb1064137a1bd73,156,Ax-1,2022-04-08T15:17:00.000Z,1.0
6243adcaaf52800c6e919254,157,NROL-85,2022-04-17T13:13:00.000Z,1.0
6243ada6af52800c6e919253,158,Starlink 4-14 (v1.5),2022-04-21T15:16:00.000Z,1.0
6243ade2af52800c6e919255,159,Crew-4,2022-04-27T07:52:00.000Z,1.0
62582a6f5988f159024b964b,160,Starlink 4-16 (v1.5),2022-04-29T21:27:00.000Z,1.0
62582a855988f159024b964c,161,Starlink 4-17 (v1.5),2022-05-06T09:42:00.000Z,1.0
6258290d5988f159024b9644,162,Starlink 4-13 (v1.5),2022-05-13T22:07:00.000Z,1.0
625828f25988f159024b9643,163,Starlink 4-15 (v1.5),2022-05-14T20:40:00.000Z,1.0
62615ebc0ec008379be596fa,164,Starlink 4-18 (v1.5),2022-05-18T10:40:00.000Z,1.0
6243ae24af52800c6e919258,165,Transporter-5,2022-05-25T18:27:00.000Z,1.0
6243ae0aaf52800c6e919257,166,Nilesat-301,2022-06-08T21:04:00.000Z,1.0
6278481757b51b752c5c5a5f,167,Starlink 4-19 (v1.5),2022-06-01T17:08:50.000Z,1.0
5fe3af43b3467846b324215e,168,SARah 1,2022-06-18T14:19:00.000Z,1.0
62a9f08b20413d2695d88711,169,Globalstar FM15,2022-06-19T04:27:00.000Z,1.0
6243aea5af52800c6e91925c,170,SES-22,2022-06-29T21:04:00.000Z,1.0
62a9f0c920413d2695d88712,171,Starlink 4-21 (v1.5),2022-07-07T13:11:00.000Z,1.0
62a9f0e320413d2695d88713,172,Starlink 3-1 (v1.5),2022-07-11T01:39:00.000Z,
6243ae40af52800c6e919259,173,CRS-25,2022-07-15T00:44:00.000Z,1.0
62a9f0f820413d2695d88714,174,Starlink 4-22 (v1.5),2022-07-17T14:50:00.000Z,1.0
62a9f10b20413d2695d88715,175,Starlink 3-2 (v1.5),2022-07-21T17:13:00.000Z,1.0
62a9f12820413d2695d88716,176,Starlink 4-25 (v1.5),2022-07-24T00:00:00.000Z,1.0
62a9f86420413d2695d88719,177,KPLO,2022-08-04T23:08:00.000Z,1.0
62a9f8b320413d2695d8871b,178,Starlink 4-26 (v1.5),2022-08-09T22:57:00.000Z,1.0
62f3b4ff0f55c50e192a4e6b,179,Starlink 3-3 (v1.5),2022-08-12T21:30:00.000Z,1.0
62f3b5200f55c50e192a4e6c,180,Starlink 4-27 (v1.5),2022-08-19T19:24:00.000Z,1.0
62f3b5290f55c50e192a4e6d,181,Starlink 4-23 (v1.5),2022-08-28T02:22:00.000Z,1.0
62f3b53a0f55c50e192a4e6f,182,Starlink 3-4 (v1.5),2022-08-31T05:40:00.000Z,1.0
62f3b5330f55c50e192a4e6e,183,Starlink 4-20 (v1.5) & Sherpa LTC-2/Varuna-TDM,2022-09-05T02:09:00.000Z,1.0
62a9f89a20413d2695d8871a,184,Starlink 4-2 (v1.5) & Blue Walker 3,2022-09-11T01:10:00.000Z,1.0
63161329ffc78f3b8567070b,185,Starlink 4-34 (v1.5),2022-09-17T01:05:00.000Z,1.0
63161339ffc78f3b8567070c,186,Starlink 4-35 (v1.5),2022-09-24T23:30:00.000Z,1.0
62dd70d5202306255024d139,187,Crew-5,2022-10-05T16:00:00.000Z,1.0
6243aec2af52800c6e91925d,188,USSF-44,2022-11-01T13:41:00.000Z,
63161345ffc78f3b8567070d,188,Starlink 4-36 (v1.5),2022-10-20T14:50:00.000Z,
633f71240531f07b4fdf59bb,188,Galaxy 33 (15R) & 34 (12R),2022-10-08T23:05:00.000Z,
633f71370531f07b4fdf59bc,188,Hotbird 13F,2022-10-15T05:22:00.000Z,
633f71dd0531f07b4fdf59c1,189,Hotbird 13G,2022-11-03T03:24:00.000Z,
633f71a90531f07b4fdf59be,191,Galaxy 31 (23R) & 32 (17R),2022-11-08T00:00:00.000Z,
633f71b60531f07b4fdf59bf,192,Eutelsat 10B,2022-11-15T00:00:00.000Z,
633f723d0531f07b4fdf59c4,193,ispace Mission 1 & Rashid,2022-11-22T00:00:00.000Z,
633f71cc0531f07b4fdf59c0,194,CRS-26,2022-11-18T22:00:00.000Z,
633f71820531f07b4fdf59bd,195,Starlink 4-37 (v1.5),2022-11-01T00:00:00.000Z,
6243ba08af52800c6e919270,196,"O3b mPower 1,2",2022-11-01T00:00:00.000Z,
633f724c0531f07b4fdf59c5,197,SWOT,2022-12-05T00:00:00.000Z,
633f72000531f07b4fdf59c2,198,SES-18 & SES-19,2022-11-01T00:00:00.000Z,
633f72580531f07b4fdf59c6,198,Transporter-6,2022-12-01T00:00:00.000Z,
63161384ffc78f3b8567070e,199,TTL-1,2022-12-01T00:00:00.000Z,
6243ae58af52800c6e91925a,200,WorldView Legion 1 & 2,2022-12-01T00:00:00.000Z,
633f72130531f07b4fdf59c3,202,Viasat-3 & Arcturus,2022-12-01T00:00:00.000Z,
6243ae7daf52800c6e91925b,203,O3b mPower 3.4,2022-12-01T00:00:00.000Z,
